{
  "hash": "a4d13a17",
  "configHash": "a6c3919b",
  "lockfileHash": "ca1a41d1",
  "browserHash": "9b049053",
  "optimized": {
    "@angular/common": {
      "src": "../../../../../../node_modules/@angular/common/fesm2022/common.mjs",
      "file": "@angular_common.js",
      "fileHash": "a4f05f2b",
      "needsInterop": false
    },
    "@angular/common/http": {
      "src": "../../../../../../node_modules/@angular/common/fesm2022/http.mjs",
      "file": "@angular_common_http.js",
      "fileHash": "0768fb0d",
      "needsInterop": false
    },
    "@angular/core": {
      "src": "../../../../../../node_modules/@angular/core/fesm2022/core.mjs",
      "file": "@angular_core.js",
      "fileHash": "4b418a0d",
      "needsInterop": false
    },
    "@angular/forms": {
      "src": "../../../../../../node_modules/@angular/forms/fesm2022/forms.mjs",
      "file": "@angular_forms.js",
      "fileHash": "8465fe9d",
      "needsInterop": false
    },
    "@angular/material/dialog": {
      "src": "../../../../../../node_modules/@angular/material/fesm2022/dialog.mjs",
      "file": "@angular_material_dialog.js",
      "fileHash": "737100a1",
      "needsInterop": false
    },
    "@angular/material/form-field": {
      "src": "../../../../../../node_modules/@angular/material/fesm2022/form-field.mjs",
      "file": "@angular_material_form-field.js",
      "fileHash": "d237432c",
      "needsInterop": false
    },
    "@angular/material/input": {
      "src": "../../../../../../node_modules/@angular/material/fesm2022/input.mjs",
      "file": "@angular_material_input.js",
      "fileHash": "db20feeb",
      "needsInterop": false
    },
    "@angular/material/snack-bar": {
      "src": "../../../../../../node_modules/@angular/material/fesm2022/snack-bar.mjs",
      "file": "@angular_material_snack-bar.js",
      "fileHash": "4adb6784",
      "needsInterop": false
    },
    "@angular/platform-browser": {
      "src": "../../../../../../node_modules/@angular/platform-browser/fesm2022/platform-browser.mjs",
      "file": "@angular_platform-browser.js",
      "fileHash": "87d1df6e",
      "needsInterop": false
    },
    "@angular/platform-browser/animations": {
      "src": "../../../../../../node_modules/@angular/platform-browser/fesm2022/animations.mjs",
      "file": "@angular_platform-browser_animations.js",
      "fileHash": "41c22174",
      "needsInterop": false
    },
    "@angular/platform-browser/animations/async": {
      "src": "../../../../../../node_modules/@angular/platform-browser/fesm2022/animations/async.mjs",
      "file": "@angular_platform-browser_animations_async.js",
      "fileHash": "2c35c72e",
      "needsInterop": false
    },
    "@angular/platform-server": {
      "src": "../../../../../../node_modules/@angular/platform-server/fesm2022/platform-server.mjs",
      "file": "@angular_platform-server.js",
      "fileHash": "33db0d36",
      "needsInterop": false
    },
    "@angular/router": {
      "src": "../../../../../../node_modules/@angular/router/fesm2022/router.mjs",
      "file": "@angular_router.js",
      "fileHash": "e8ca5bcf",
      "needsInterop": false
    },
    "@apollo/client/core": {
      "src": "../../../../../../node_modules/@apollo/client/core/index.js",
      "file": "@apollo_client_core.js",
      "fileHash": "e5529020",
      "needsInterop": false
    },
    "@ngrx/effects": {
      "src": "../../../../../../node_modules/@ngrx/effects/fesm2022/ngrx-effects.mjs",
      "file": "@ngrx_effects.js",
      "fileHash": "99309bfd",
      "needsInterop": false
    },
    "@ngrx/entity": {
      "src": "../../../../../../node_modules/@ngrx/entity/fesm2022/ngrx-entity.mjs",
      "file": "@ngrx_entity.js",
      "fileHash": "b46d8ab7",
      "needsInterop": false
    },
    "@ngrx/store": {
      "src": "../../../../../../node_modules/@ngrx/store/fesm2022/ngrx-store.mjs",
      "file": "@ngrx_store.js",
      "fileHash": "e2509e85",
      "needsInterop": false
    },
    "apollo-angular": {
      "src": "../../../../../../node_modules/apollo-angular/fesm2022/ngApollo.mjs",
      "file": "apollo-angular.js",
      "fileHash": "6d91dc52",
      "needsInterop": false
    },
    "apollo-angular/http": {
      "src": "../../../../../../node_modules/apollo-angular/fesm2022/ngApolloLinkHttp.mjs",
      "file": "apollo-angular_http.js",
      "fileHash": "d48e280d",
      "needsInterop": false
    },
    "chart.js": {
      "src": "../../../../../../node_modules/chart.js/dist/chart.js",
      "file": "chart__js.js",
      "fileHash": "069a97c9",
      "needsInterop": false
    },
    "jwt-decode": {
      "src": "../../../../../../node_modules/jwt-decode/build/esm/index.js",
      "file": "jwt-decode.js",
      "fileHash": "2fe08ff2",
      "needsInterop": false
    },
    "leaflet": {
      "src": "../../../../../../node_modules/leaflet/dist/leaflet-src.js",
      "file": "leaflet.js",
      "fileHash": "94b95a75",
      "needsInterop": true
    },
    "ngx-toastr": {
      "src": "../../../../../../node_modules/ngx-toastr/fesm2022/ngx-toastr.mjs",
      "file": "ngx-toastr.js",
      "fileHash": "e0f3540a",
      "needsInterop": false
    },
    "rxjs": {
      "src": "../../../../../../node_modules/rxjs/dist/cjs/index.js",
      "file": "rxjs.js",
      "fileHash": "b2793bd5",
      "needsInterop": true
    }
  },
  "chunks": {
    "browser-MLFL5PJT": {
      "file": "browser-MLFL5PJT.js"
    },
    "xhr2-ISERFGGE": {
      "file": "xhr2-ISERFGGE.js"
    },
    "chunk-PUWV6IF2": {
      "file": "chunk-PUWV6IF2.js"
    },
    "chunk-RNR4J3QE": {
      "file": "chunk-RNR4J3QE.js"
    },
    "chunk-AU5Z5IV3": {
      "file": "chunk-AU5Z5IV3.js"
    },
    "chunk-2EJU2CT5": {
      "file": "chunk-2EJU2CT5.js"
    },
    "chunk-BU2IDENW": {
      "file": "chunk-BU2IDENW.js"
    },
    "chunk-XES6PYSF": {
      "file": "chunk-XES6PYSF.js"
    },
    "chunk-Y6VRUZ3D": {
      "file": "chunk-Y6VRUZ3D.js"
    },
    "chunk-MJCGTGG6": {
      "file": "chunk-MJCGTGG6.js"
    },
    "chunk-677K4M3V": {
      "file": "chunk-677K4M3V.js"
    },
    "chunk-HTY7NTQM": {
      "file": "chunk-HTY7NTQM.js"
    },
    "chunk-AUVTLKCH": {
      "file": "chunk-AUVTLKCH.js"
    },
    "chunk-423NJ3L7": {
      "file": "chunk-423NJ3L7.js"
    },
    "chunk-LMIDRGFX": {
      "file": "chunk-LMIDRGFX.js"
    },
    "chunk-2H3L6IVL": {
      "file": "chunk-2H3L6IVL.js"
    },
    "chunk-NQ4HTGF6": {
      "file": "chunk-NQ4HTGF6.js"
    }
  }
}