{
  "hash": "020d8504",
  "configHash": "d50935e6",
  "lockfileHash": "ca1a41d1",
  "browserHash": "bebc56e4",
  "optimized": {
    "@angular/common": {
      "src": "../../../../../../node_modules/@angular/common/fesm2022/common.mjs",
      "file": "@angular_common.js",
      "fileHash": "883f4109",
      "needsInterop": false
    },
    "@angular/common/http": {
      "src": "../../../../../../node_modules/@angular/common/fesm2022/http.mjs",
      "file": "@angular_common_http.js",
      "fileHash": "b3c9b154",
      "needsInterop": false
    },
    "@angular/core": {
      "src": "../../../../../../node_modules/@angular/core/fesm2022/core.mjs",
      "file": "@angular_core.js",
      "fileHash": "9bccb325",
      "needsInterop": false
    },
    "@angular/forms": {
      "src": "../../../../../../node_modules/@angular/forms/fesm2022/forms.mjs",
      "file": "@angular_forms.js",
      "fileHash": "f36b5e90",
      "needsInterop": false
    },
    "@angular/material/dialog": {
      "src": "../../../../../../node_modules/@angular/material/fesm2022/dialog.mjs",
      "file": "@angular_material_dialog.js",
      "fileHash": "7c814b3a",
      "needsInterop": false
    },
    "@angular/material/form-field": {
      "src": "../../../../../../node_modules/@angular/material/fesm2022/form-field.mjs",
      "file": "@angular_material_form-field.js",
      "fileHash": "b59a0eb7",
      "needsInterop": false
    },
    "@angular/material/input": {
      "src": "../../../../../../node_modules/@angular/material/fesm2022/input.mjs",
      "file": "@angular_material_input.js",
      "fileHash": "9b094e3f",
      "needsInterop": false
    },
    "@angular/material/snack-bar": {
      "src": "../../../../../../node_modules/@angular/material/fesm2022/snack-bar.mjs",
      "file": "@angular_material_snack-bar.js",
      "fileHash": "5772f1a3",
      "needsInterop": false
    },
    "@angular/platform-browser": {
      "src": "../../../../../../node_modules/@angular/platform-browser/fesm2022/platform-browser.mjs",
      "file": "@angular_platform-browser.js",
      "fileHash": "5f658ebb",
      "needsInterop": false
    },
    "@angular/platform-browser/animations": {
      "src": "../../../../../../node_modules/@angular/platform-browser/fesm2022/animations.mjs",
      "file": "@angular_platform-browser_animations.js",
      "fileHash": "0f12645e",
      "needsInterop": false
    },
    "@angular/platform-browser/animations/async": {
      "src": "../../../../../../node_modules/@angular/platform-browser/fesm2022/animations/async.mjs",
      "file": "@angular_platform-browser_animations_async.js",
      "fileHash": "cbea9657",
      "needsInterop": false
    },
    "@angular/router": {
      "src": "../../../../../../node_modules/@angular/router/fesm2022/router.mjs",
      "file": "@angular_router.js",
      "fileHash": "dae529b3",
      "needsInterop": false
    },
    "@apollo/client/core": {
      "src": "../../../../../../node_modules/@apollo/client/core/index.js",
      "file": "@apollo_client_core.js",
      "fileHash": "a867d1db",
      "needsInterop": false
    },
    "@ngrx/effects": {
      "src": "../../../../../../node_modules/@ngrx/effects/fesm2022/ngrx-effects.mjs",
      "file": "@ngrx_effects.js",
      "fileHash": "3e9397d2",
      "needsInterop": false
    },
    "@ngrx/entity": {
      "src": "../../../../../../node_modules/@ngrx/entity/fesm2022/ngrx-entity.mjs",
      "file": "@ngrx_entity.js",
      "fileHash": "3e81afd3",
      "needsInterop": false
    },
    "@ngrx/store": {
      "src": "../../../../../../node_modules/@ngrx/store/fesm2022/ngrx-store.mjs",
      "file": "@ngrx_store.js",
      "fileHash": "176d5418",
      "needsInterop": false
    },
    "apollo-angular": {
      "src": "../../../../../../node_modules/apollo-angular/fesm2022/ngApollo.mjs",
      "file": "apollo-angular.js",
      "fileHash": "cb71ac4e",
      "needsInterop": false
    },
    "apollo-angular/http": {
      "src": "../../../../../../node_modules/apollo-angular/fesm2022/ngApolloLinkHttp.mjs",
      "file": "apollo-angular_http.js",
      "fileHash": "c54cd1da",
      "needsInterop": false
    },
    "chart.js": {
      "src": "../../../../../../node_modules/chart.js/dist/chart.js",
      "file": "chart__js.js",
      "fileHash": "0c812296",
      "needsInterop": false
    },
    "jwt-decode": {
      "src": "../../../../../../node_modules/jwt-decode/build/esm/index.js",
      "file": "jwt-decode.js",
      "fileHash": "ce18647c",
      "needsInterop": false
    },
    "leaflet": {
      "src": "../../../../../../node_modules/leaflet/dist/leaflet-src.js",
      "file": "leaflet.js",
      "fileHash": "fb73bb07",
      "needsInterop": true
    },
    "ngx-toastr": {
      "src": "../../../../../../node_modules/ngx-toastr/fesm2022/ngx-toastr.mjs",
      "file": "ngx-toastr.js",
      "fileHash": "49509149",
      "needsInterop": false
    },
    "rxjs": {
      "src": "../../../../../../node_modules/rxjs/dist/esm5/index.js",
      "file": "rxjs.js",
      "fileHash": "d6d1bc76",
      "needsInterop": false
    }
  },
  "chunks": {
    "browser-E2NBUXG5": {
      "file": "browser-E2NBUXG5.js"
    },
    "chunk-QCQTE3IY": {
      "file": "chunk-QCQTE3IY.js"
    },
    "chunk-Z5WHWGVN": {
      "file": "chunk-Z5WHWGVN.js"
    },
    "chunk-TZ7R4XJV": {
      "file": "chunk-TZ7R4XJV.js"
    },
    "chunk-PMQXUXXS": {
      "file": "chunk-PMQXUXXS.js"
    },
    "chunk-TTIZP5AM": {
      "file": "chunk-TTIZP5AM.js"
    },
    "chunk-37RQG44U": {
      "file": "chunk-37RQG44U.js"
    },
    "chunk-J5OTJUFF": {
      "file": "chunk-J5OTJUFF.js"
    },
    "chunk-PT7AQ4TC": {
      "file": "chunk-PT7AQ4TC.js"
    },
    "chunk-EOJSDDWH": {
      "file": "chunk-EOJSDDWH.js"
    },
    "chunk-4ATJJG3R": {
      "file": "chunk-4ATJJG3R.js"
    },
    "chunk-PMCSUM4E": {
      "file": "chunk-PMCSUM4E.js"
    },
    "chunk-CMPDKJ4K": {
      "file": "chunk-CMPDKJ4K.js"
    },
    "chunk-GOQTAVG2": {
      "file": "chunk-GOQTAVG2.js"
    },
    "chunk-ZYKX7RMX": {
      "file": "chunk-ZYKX7RMX.js"
    },
    "chunk-3OV72XIM": {
      "file": "chunk-3OV72XIM.js"
    }
  }
}